{"inputMin":{"0":3.0574309825897217,"1":-0.05951610580086708,"2":0,"3":0,"4":0,"5":0,"6":0.002560432767495513,"7":0,"8":0,"9":0,"10":0,"11":0,"12":0,"13":0.23714867234230042,"14":0.17717291414737701,"15":0,"16":-10.693601608276367,"17":0,"18":-11.381052017211914,"19":0,"20":1,"21":0,"22":4997.5,"23":0.0002893091586884111,"24":-0.05951610580086708,"25":-0.058991800993680954,"26":-6.590224742889404,"27":-108.97470092773438,"28":-52.34686279296875,"29":5.609375,"30":-13.29198169708252,"31":0,"32":-159.6600799560547,"33":0.20473219454288483,"34":0.009461618959903717,"35":0.10236609727144241,"36":0.0047308094799518585,"37":0.05118304863572121,"38":0.0023654047399759293,"39":0.034122031182050705,"40":0.0015769365709275007,"41":0.020473219454288483,"42":0.0009461619192734361,"43":0.014623728580772877,"44":0.0006758299423381686,"45":0.01137401070445776,"46":0.0005256455042399466,"47":0.010236609727144241,"48":0.00047308095963671803,"49":0.0068244063295423985,"50":0.00031538732582703233,"51":0.005118304863572121,"52":0.00023654047981835902,"53":0.0034122031647711992,"54":0.00015769366291351616,"55":0.99163818359375,"56":0.9915934801101685,"57":0.9919896721839905,"58":0},"inputMax":{"0":20.081838607788086,"1":0.058991800993680954,"2":0.012397555634379387,"3":0.9103894829750061,"4":10,"5":0.013280386105179787,"6":0.9997106790542603,"7":348.1656799316406,"8":151.79525756835938,"9":323.4049072265625,"10":108.97470092773438,"11":0.058991800993680954,"12":0.05951610580086708,"13":2.5135257244110107,"14":1.2650375366210938,"15":159.6600799560547,"16":8.380570411682129,"17":50.50554656982422,"18":11.802144050598145,"19":0.016198283061385155,"20":25,"21":19,"22":19990,"23":0.9974395632743835,"24":0,"25":0,"26":6.5323967933654785,"27":151.79525756835938,"28":348.1656799316406,"29":21.15625,"30":12.827244758605957,"31":50.50554656982422,"32":50.50554656982422,"33":1,"34":1,"35":1,"36":1,"37":1,"38":1,"39":1,"40":1,"41":1,"42":1,"43":1,"44":1,"45":1,"46":1,"47":1,"48":1,"49":1,"50":1,"51":1,"52":1,"53":1,"54":1,"55":2.5130364894866943,"56":1.2307029962539673,"57":4.057584285736084,"58":0.9583333134651184},"labelMin":{"0":0},"labelMax":{"0":3.2051281929016113},"killCols":[]}