{"inputMin":{"0":0.5,"1":-0.07112203538417816,"2":0,"3":0,"4":0,"5":0,"6":0.003356725675985217,"7":0,"8":0,"9":0,"10":0,"11":0,"12":0,"13":0,"14":0.11181338131427765,"15":0,"16":-13.003143310546875,"17":0,"18":-11.227546691894531,"19":0,"20":1,"21":0,"22":5194.701171875,"23":0.00023590239288751036,"24":-0.07112203538417816,"25":-0.06649079918861389,"26":-9.934896469116211,"27":-82.49788665771484,"28":-36.61909484863281,"29":5,"30":-12.28125,"31":0,"32":-103.7468032836914,"33":0.20130284130573273,"34":0.01355090644210577,"35":0.10065142065286636,"36":0.006775453221052885,"37":0.05032571032643318,"38":0.0033877266105264425,"39":0.03355047479271889,"40":0.002258484484627843,"41":0.020130284130573273,"42":0.001355090644210577,"43":0.014378773979842663,"44":0.0009679219219833612,"45":0.011183490976691246,"46":0.0007528281421400607,"47":0.010065142065286636,"48":0.0006775453221052885,"49":0.00671009486541152,"50":0.0004516968911048025,"51":0.005032571032643318,"52":0.00033877266105264425,"53":0.00335504743270576,"54":0.00022584844555240124,"55":1.0261787176132202,"56":1.0246564149856567,"57":1.0266140699386597,"58":0},"inputMax":{"0":20.477365493774414,"1":0.06649079918861389,"2":0.010796893388032913,"3":0.9072527885437012,"4":9,"5":0.013476984575390816,"6":0.999764084815979,"7":298.1000061035156,"8":64.6596908569336,"9":336.89434814453125,"10":82.49788665771484,"11":0.06649079918861389,"12":0.07112203538417816,"13":1.5873697996139526,"14":1.2113274335861206,"15":103.7468032836914,"16":13.2045316696167,"17":396.8569030761719,"18":17.457483291625977,"19":0.014824192970991135,"20":22,"21":21,"22":16195.7978515625,"23":0.9966432452201843,"24":0,"25":0,"26":7.491161346435547,"27":64.6596908569336,"28":298.1000061035156,"29":24.609375,"30":10.215682983398438,"31":52.89511489868164,"32":52.89511489868164,"33":1,"34":1,"35":1,"36":1,"37":1,"38":1,"39":1,"40":1,"41":1,"42":1,"43":1,"44":1,"45":1,"46":1,"47":1,"48":1,"49":1,"50":1,"51":1,"52":1,"53":1,"54":1,"55":2.519660234451294,"56":1.223303198814392,"57":3.8366966247558594,"58":0.9166666865348816},"labelMin":{"0":0},"labelMax":{"0":2.0299999713897705},"killCols":[]}