{"inputMin":{"0":0.5,"1":-0.05143982172012329,"2":0,"3":0,"4":0,"5":0,"6":0.003667241195216775,"7":0,"8":0,"9":0,"10":0,"11":0,"12":0,"13":0,"14":0.21487461030483246,"15":0,"16":-13.003143310546875,"17":0,"18":-5.140636444091797,"19":0,"20":1,"21":0,"22":5194.701171875,"23":0.0007552902097813785,"24":-0.05143982172012329,"25":-0.050523873418569565,"26":-17.064895629882812,"27":-11.928547859191895,"28":0.2199244499206543,"29":0.022647377103567123,"30":0.10996222496032715,"31":0.011323688551783562,"32":0.054981112480163574,"33":0.005661844275891781,"34":0.03665407374501228,"35":0.0037745628505945206,"36":0.02199244499206543,"37":0.002264737617224455,"38":0.015708889812231064,"39":0.001617669826373458,"40":0.012218024581670761,"41":0.001258187578059733,"42":0.010996222496032715,"43":0.0011323688086122274,"44":0.007330814842134714,"45":0.0007549125584773719,"46":0.005498111248016357,"47":0.0005661844043061137,"48":0.003665407421067357,"49":0.00037745627923868597,"50":1.0373034477233887,"51":1.0246564149856567,"52":1.0366219282150269,"53":0},"inputMax":{"0":18.253164291381836,"1":0.050523873418569565,"2":0.010217403993010521,"3":0.8875511288642883,"4":8,"5":0.011085672304034233,"6":0.9992446899414062,"7":298.1000061035156,"8":16.680206298828125,"9":336.89434814453125,"10":17.064895629882812,"11":0.050523873418569565,"12":0.05143982172012329,"13":1.309348702430725,"14":1.1179497241973877,"15":63.80208206176758,"16":1.3876402378082275,"17":18.405988693237305,"18":4.08791971206665,"19":0.011434639804065228,"20":21,"21":19,"22":16195.7978515625,"23":0.9963327646255493,"24":0,"25":0,"26":16.680206298828125,"27":298.1000061035156,"28":1,"29":1,"30":1,"31":1,"32":1,"33":1,"34":1,"35":1,"36":1,"37":1,"38":1,"39":1,"40":1,"41":1,"42":1,"43":1,"44":1,"45":1,"46":1,"47":1,"48":0.9979823231697083,"49":1,"50":2.4851603507995605,"51":1.223303198814392,"52":3.5415992736816406,"53":0.9090909361839294},"labelMin":{"0":0},"labelMax":{"0":1.3643749952316284},"killCols":[]}