{"inputMin":{"0":0.5,"1":-0.07112203538417816,"2":0,"3":0,"4":0,"5":0,"6":0.003667241195216775,"7":0,"8":0,"9":0,"10":0,"11":0,"12":0,"13":0,"14":0.21487461030483246,"15":0,"16":-13.003143310546875,"17":0,"18":-11.227546691894531,"19":0,"20":1,"21":0,"22":5194.701171875,"23":0.00028839221340604126,"24":-0.07112203538417816,"25":-0.06630617380142212,"26":-9.934896469116211,"27":-56.981414794921875,"28":-11.928547859191895,"29":5.15625,"30":-12.28125,"31":0,"32":-63.80208206176758,"33":0.2199244499206543,"34":0.018524546176195145,"35":0.10996222496032715,"36":0.009262273088097572,"37":0.054981112480163574,"38":0.004631136544048786,"39":0.03665407374501228,"40":0.0030874244403094053,"41":0.02199244499206543,"42":0.0018524547340348363,"43":0.015708889812231064,"44":0.0013231819029897451,"45":0.012218024581670761,"46":0.0010291414801031351,"47":0.010996222496032715,"48":0.0009262273670174181,"49":0.007330814842134714,"50":0.0006174849113449454,"51":0.005498111248016357,"52":0.0004631136835087091,"53":0.003665407421067357,"54":0.0003087424556724727,"55":1.026063084602356,"56":1.0246564149856567,"57":1.0266140699386597,"58":0},"inputMax":{"0":20.477365493774414,"1":0.06630617380142212,"2":0.010217403993010521,"3":0.8875511288642883,"4":8,"5":0.011085672304034233,"6":0.9997116327285767,"7":298.1000061035156,"8":41.126258850097656,"9":336.89434814453125,"10":56.981414794921875,"11":0.06630617380142212,"12":0.07112203538417816,"13":1.3565651178359985,"14":1.1179497241973877,"15":63.80208206176758,"16":1.3876402378082275,"17":34.25484848022461,"18":6.963870525360107,"19":0.011434639804065228,"20":21,"21":19,"22":16195.7978515625,"23":0.9963327646255493,"24":0,"25":0,"26":7.220658779144287,"27":41.126258850097656,"28":298.1000061035156,"29":24.609375,"30":10.215682983398438,"31":34.25484848022461,"32":34.25484848022461,"33":1,"34":1,"35":1,"36":1,"37":1,"38":1,"39":1,"40":1,"41":1,"42":1,"43":1,"44":1,"45":1,"46":1,"47":1,"48":1,"49":1,"50":1,"51":1,"52":1,"53":1,"54":1,"55":2.4851603507995605,"56":1.223303198814392,"57":3.654254913330078,"58":0.9090909361839294},"labelMin":{"0":0},"labelMax":{"0":1.5887500047683716},"killCols":[]}