{"inputMin":{"0":0.5,"1":-0.05904485285282135,"2":0,"3":0,"4":0,"5":0,"6":0.002210259437561035,"7":0,"8":0,"9":0,"10":0,"11":0,"12":0,"13":0,"14":0,"15":0,"16":-17.54221534729004,"17":0,"18":-17.955453872680664,"19":0,"20":1,"21":0,"22":3998,"23":0.00012177720782347023,"24":-0.05904485285282135,"25":-0.05947340652346611,"26":-5.923433780670166,"27":-117.10655212402344,"28":-31.451894760131836,"29":6.03125,"30":-15.253995895385742,"31":0,"32":-758.5287475585938,"33":0.20160742104053497,"34":0.00899448897689581,"35":0.10080371052026749,"36":0.004497244488447905,"37":0.05040185526013374,"38":0.0022486222442239523,"39":0.03360123559832573,"40":0.0014990814961493015,"41":0.020160742104053497,"42":0.0008994489326141775,"43":0.01440052967518568,"44":0.0006424635066650808,"45":0.011200412176549435,"46":0.0004996938514523208,"47":0.010080371052026749,"48":0.00044972446630708873,"49":0.006720247212797403,"50":0.0002998163108713925,"51":0.005040185526013374,"52":0.00022486223315354437,"53":0.0033601236063987017,"54":0.00014990815543569624,"55":0.9519723057746887,"56":0.9518702626228333,"57":0.9521985054016113,"58":0},"inputMax":{"0":19.511924743652344,"1":0.05947340652346611,"2":0.013116667978465557,"3":0.9109947681427002,"4":16,"5":0.013354979455471039,"6":0.9998782277107239,"7":343.28302001953125,"8":95.36730194091797,"9":418.3733215332031,"10":117.10655212402344,"11":0.05947340652346611,"12":0.05904485285282135,"13":1.705739974975586,"14":1.237945318222046,"15":758.5287475585938,"16":9.097439765930176,"17":146.18832397460938,"18":11.483011245727539,"19":0.01950138807296753,"20":23,"21":21,"22":25987,"23":0.997789740562439,"24":0,"25":0,"26":5.950557708740234,"27":95.36730194091797,"28":343.28302001953125,"29":20.40625,"30":11.403657913208008,"31":40.294490814208984,"32":40.294490814208984,"33":1,"34":1,"35":1,"36":1,"37":1,"38":1,"39":1,"40":1,"41":1,"42":1,"43":1,"44":1,"45":1,"46":1,"47":1,"48":1,"49":1,"50":1,"51":1,"52":1,"53":1,"54":1,"55":2.51906681060791,"56":1.2742506265640259,"57":4.089725017547607,"58":0.9523809552192688},"labelMin":{"0":0},"labelMax":{"0":2.185410737991333},"killCols":[]}