{"inputMin":{"0":4.331068992614746,"1":-0.05904485285282135,"2":0,"3":0,"4":0,"5":0,"6":0.002978107426315546,"7":0,"8":0,"9":0,"10":0,"11":0,"12":0,"13":0.23280885815620422,"14":0.07934767007827759,"15":0,"16":-6.3811726570129395,"17":0,"18":-8.520790100097656,"19":0,"20":1,"21":0,"22":3998,"23":0.000285411806544289,"24":-0.05904485285282135,"25":-0.058528609573841095,"26":-5.90448522567749,"27":-65.24962615966797,"28":-31.301471710205078,"29":6.109375,"30":-13.132644653320312,"31":0,"32":-65.06828308105469,"33":0.20192807912826538,"34":0.014833993278443813,"35":0.10096403956413269,"36":0.007416996639221907,"37":0.050482019782066345,"38":0.0037084983196109533,"39":0.033654678612947464,"40":0.002472332213073969,"41":0.020192807540297508,"42":0.001483399304561317,"43":0.014423434622585773,"44":0.0010595709318295121,"45":0.01121822651475668,"46":0.0008241107570938766,"47":0.010096403770148754,"48":0.0007416996522806585,"49":0.006730936001986265,"50":0.000494466454256326,"51":0.005048201885074377,"52":0.00037084982614032924,"53":0.0033654680009931326,"54":0.000247233227128163,"55":1.0172175168991089,"56":1.0170267820358276,"57":1.017499566078186,"58":0},"inputMax":{"0":19.717510223388672,"1":0.058528609573841095,"2":0.014258131384849548,"3":0.9097185730934143,"4":10,"5":0.018311265856027603,"6":0.9997146129608154,"7":245.4600830078125,"8":94.46981811523438,"9":212.57818603515625,"10":65.24962615966797,"11":0.058528609573841095,"12":0.05904485285282135,"13":2.2028489112854004,"14":1.3583252429962158,"15":65.06828308105469,"16":5.459377765655518,"17":61.20874786376953,"18":11.8219633102417,"19":0.01914762333035469,"20":23,"21":20,"22":16991.5,"23":0.9970219135284424,"24":0,"25":0,"26":5.852860927581787,"27":94.46981811523438,"28":245.4600830078125,"29":20.375,"30":10.946030616760254,"31":61.20874786376953,"32":61.20874786376953,"33":1,"34":1,"35":1,"36":1,"37":1,"38":1,"39":1,"40":1,"41":1,"42":1,"43":1,"44":1,"45":1,"46":1,"47":1,"48":1,"49":1,"50":1,"51":1,"52":1,"53":1,"54":1,"55":2.5184428691864014,"56":1.2742506265640259,"57":3.782987594604492,"58":0.95652174949646},"labelMin":{"0":0.11515151709318161},"labelMax":{"0":2.509230852127075},"killCols":[]}