{"inputMin":{"0":3.1010007858276367,"1":-0.05904485285282135,"2":0,"3":0,"4":0,"5":0,"6":0.0032408619299530983,"7":0,"8":0,"9":0,"10":0,"11":0,"12":0,"13":0,"14":0,"15":0,"16":-7.471142768859863,"17":0,"18":-10.497306823730469,"19":0,"20":1,"21":0,"22":9995,"23":0.00007881190686021,"24":-0.05904485285282135,"25":-0.058525919914245605,"26":-5.90448522567749,"27":-65.18946838378906,"28":-31.29959487915039,"29":6.109375,"30":-13.086954116821289,"31":0,"32":-176.31536865234375,"33":0.201951265335083,"34":0.0040961699560284615,"35":0.1009756326675415,"36":0.0020480849780142307,"37":0.05048781633377075,"38":0.0010240424890071154,"39":0.03365854546427727,"40":0.0006826950120739639,"41":0.0201951265335083,"42":0.00040961700142361224,"43":0.01442509051412344,"44":0.0002925835724454373,"45":0.011219514533877373,"46":0.00022756500402465463,"47":0.01009756326675415,"48":0.00020480850071180612,"49":0.006731708999723196,"50":0.00013653900532517582,"51":0.005048781633377075,"52":0.00010240425035590306,"53":0.003365854499861598,"54":0.00006826950266258791,"55":1.0171903371810913,"56":1.0170267820358276,"57":1.0175412893295288,"58":0},"inputMax":{"0":19.11293601989746,"1":0.058525919914245605,"2":0.010234110988676548,"3":0.9040198922157288,"4":11,"5":0.014875944703817368,"6":0.9999212026596069,"7":245.19769287109375,"8":94.50386047363281,"9":212.32037353515625,"10":65.18946838378906,"11":0.058525919914245605,"12":0.05904485285282135,"13":1.6570218801498413,"14":1.240505576133728,"15":176.31536865234375,"16":17.958995819091797,"17":54.16309356689453,"18":11.997520446777344,"19":0.019033178687095642,"20":23,"21":21,"22":16991.5,"23":0.9967591166496277,"24":0,"25":0,"26":5.852860927581787,"27":94.50386047363281,"28":245.19769287109375,"29":20.375,"30":9.92469596862793,"31":31.5600528717041,"32":31.5600528717041,"33":1,"34":1,"35":1,"36":1,"37":1,"38":1,"39":1,"40":1,"41":1,"42":1,"43":1,"44":1,"45":1,"46":1,"47":1,"48":1,"49":1,"50":1,"51":1,"52":1,"53":1,"54":1,"55":2.518397808074951,"56":1.1046977043151855,"57":4.623019695281982,"58":0.9130434989929199},"labelMin":{"0":0},"labelMax":{"0":1.8307691812515259},"killCols":[]}