{"inputMin":{"0":0.5,"1":-0.055744703859090805,"2":0,"3":0,"4":0,"5":0,"6":0.003357278648763895,"7":0,"8":0,"9":0,"10":0,"11":0,"12":0,"13":0,"14":0,"15":0,"16":-10.873885154724121,"17":0,"18":-11.619735717773438,"19":0,"20":1,"21":0,"22":5997,"23":0.00024998458684422076,"24":-0.055744703859090805,"25":-0.06233379617333412,"26":-8.619696617126465,"27":-82.62650299072266,"28":-36.486637115478516,"29":4.5,"30":-12.789287567138672,"31":0,"32":-162.23387145996094,"33":0.20133599638938904,"34":0.00999438390135765,"35":0.10066799819469452,"36":0.004997191950678825,"37":0.05033399909734726,"38":0.0024985959753394127,"39":0.033555999398231506,"40":0.0016657306114211679,"41":0.020133599638938904,"42":0.0009994383435696363,"43":0.014381143264472485,"44":0.0007138845976442099,"45":0.011185333132743835,"46":0.0005552435759454966,"47":0.010066799819469452,"48":0.0004997191717848182,"49":0.006711199879646301,"50":0.00033314613392576575,"51":0.005033399909734726,"52":0.0002498595858924091,"53":0.0033555999398231506,"54":0.00016657306696288288,"55":1.0371145009994507,"56":1.037057876586914,"57":1.0376014709472656,"58":0},"inputMax":{"0":18.477201461791992,"1":0.06233379617333412,"2":0.014785301871597767,"3":0.9023118615150452,"4":6,"5":0.013501941226422787,"6":0.999750018119812,"7":194.80589294433594,"8":64.61869812011719,"9":253.71461486816406,"10":82.62650299072266,"11":0.06233379617333412,"12":0.055744703859090805,"13":1.988614797592163,"14":1.2524654865264893,"15":162.23387145996094,"16":8.483416557312012,"17":785.771728515625,"18":17.48554229736328,"19":0.013775207102298737,"20":22,"21":21,"22":14992.5,"23":0.9966427087783813,"24":0,"25":0,"26":8.42503547668457,"27":64.61869812011719,"28":194.80589294433594,"29":23.296875,"30":9.607698440551758,"31":36.10909652709961,"32":36.10909652709961,"33":1,"34":1,"35":1,"36":1,"37":1,"38":1,"39":1,"40":1,"41":1,"42":1,"43":1,"44":1,"45":1,"46":1,"47":1,"48":1,"49":1,"50":1,"51":1,"52":1,"53":0.9991497993469238,"54":0.9961444139480591,"55":2.5195956230163574,"56":1.196229100227356,"57":4.023094654083252,"58":0.9545454382896423},"labelMin":{"0":0},"labelMax":{"0":2.273118257522583},"killCols":[]}