{"inputMin":{"0":0.0034904531203210354,"1":0,"2":0,"3":0,"4":0,"5":0,"6":0,"7":0.5063802003860474,"8":0.38649070262908936,"9":0,"10":-10.586254119873047,"11":0,"12":-12.847638130187988,"13":1,"14":0,"15":0,"16":0,"17":0,"18":0,"19":0,"20":0,"21":0,"22":0,"23":0,"24":0,"25":0,"26":0,"27":0,"28":0,"29":0},"inputMax":{"0":0.9992786645889282,"1":306.5244445800781,"2":97.08141326904297,"3":359.9165344238281,"4":102.51835632324219,"5":0.1171344444155693,"6":0.09823627024888992,"7":1.5290364027023315,"8":1.1477458477020264,"9":19.608964920043945,"10":4.628152370452881,"11":36.95253372192383,"12":13.282211303710938,"13":21,"14":4,"15":1,"16":1,"17":1,"18":1,"19":1,"20":1,"21":1,"22":1,"23":1,"24":1,"25":1,"26":1,"27":1,"28":1,"29":0.8888888955116272},"labelMin":{"0":0.328125},"labelMax":{"0":1.615625023841858}}